word|definition|part of speech|example
aboveboard|open and honest.|adjective|The mayor, despite his avuncular face plastered about the city, was hardly aboveboard -- some concluded that it was his ingratiating smile that allowed him to engage in corrupt behavior and get away with it.
abysmal|extremely bad.|adjective|Coach Ramsey took his newest player off the field after watching a few painful minutes of her abysmal performance.
acme|the highest point of achievement.|noun|The new Cessna airplanes will be the acme of comfort, offering reclining seats and ample legroom.
advocate|speak, plead, or argue in favor of.|verb|While the senator privately approved of gay marriage, he was unwilling to advocate for the cause in a public venue. This word has other definitions but this is the most important one for the GRE.
advocate|a person who pleads for a cause or propounds an idea.|noun|Martin Luther King Jr. was a tireless advocate for the rights of African-Americans in the United States.Ã‚ This word has other definitions but this is the most important one for the GRE.
affable|likeable; easy to talk to.|adjective|For all his surface affability, Marco was remarkably glum when he wasn't around other people.
affluent|wealthy.|adjective|The center of the city had sadly become a pit of penury, while, only five miles away, multi-million dollar homes spoke of affluence.
altruism|the quality of unselfish concern for the welfare of others.|noun|Albert Schweitzer spent most of his life doing missionary work as a doctor in Africa, seeking no reward, apparently motivated only by altruism.
amiable|friendly.|adjective|Amy's name was very apt: she was so amiable that she was twice voted class president.
amply|more than is adequate.|adverb|The boat was amply supplied for its year at sea--no man would go hungry or thirst.
amuck|in a frenzied or uncontrolled state.|adverb|Wherever the bowl haircut teen-idol went, his legions of screaming fans ran through the streets amuck, hoping for a glance at his boyish face.
analogous|similar in some respects but otherwise different.|adjective|In many ways, the Internet's transformative effect on society has been analogous to that of the printing press.
animosity|intense hostility.|noun|The governor's animosity toward his rival was only inflamed when the latter spread false lies regarding the governor's first term.
antedated|precede in time.|verb|Harry was so unknowledgable that he was unaware the Egyptian pharaohs antedated the American Revolution.
antiquated|old-fashioned; belonging to an earlier period in time.|adjective|Aunt Betty had antiquated notions about marriage, believing that a man should court a woman for at least a year before receiving a kiss.
apex|the highest point.|noun|The Ivy League is considered the apex of the secondary education system.
aphorism|a short instructive saying about a general truth.|noun|Nietzsche was known for using aphorisms, sometimes encapsulating a complex philosophical thought in a mere sentence.
aphoristic|something that is a concise and instructive of a general truth or principle Sometimes I can't stand Nathan because he tries to impress everyone by being aphoristic, but he just states the obvious.|adjective|aphoristic - No example found
appreciable|large enough to be noticed (usu.|adjective|refers to an amount). There is an appreciable difference between those who say they can get the job done and those who actually get the job done.
apprehension|fearful expectation.|noun|Test day can be one of pure apprehension, as many students worry about their test scores.
archaic|so old as to appear to belong to a different period.|adjective|Hoping to sound intelligent, Mary spoke in archaic English that was right out of Jane Austen's Pride and Prejudice--needless to say, she didn't have many friends.
ascendancy|the state that exists when one person or group has power over another.|noun|The ascendancy of the Carlsbad water polo team is clear--they have a decade of championships behind them.
ascribe|attribute or credit to.|verb|History ascribes The Odyssey and The Illiad to Homer, but scholars now debate whether he was a. historical figure or a fictitious name.
assail|attack in speech or writing.|verb|In the weekly paper, the editor assailed the governor for wasting hundreds of thousands of dollars in public projects that quickly failed.
assuage|make something intense less severe.|verb|Her fear that the new college would be filled with unknown faces was assuaged when she recognized her childhood friend standing in line.
augment|enlarge or increase; improve.|verb|Ideally, the restaurant's augmented menu will expand its clientele and increase its profits.
autonomously|In an autonomous or self-governing manner.|adverb|Many of the factory workers are worried about being replaced by machines and computers that will work completely autonomously.
avarice|greed (one of the seven deadly sins).|noun|The Spanish conquistadors were known for their avarice, plundering Incan land and stealing Incan gold.
avert|turn away.|verb|Afraid to see the aftermath of the car crash, I averted my eyes as we drove by.
avert|ward off or prevent.|verb|The struggling videogame company put all of its finances into one final, desperate project to avert bankrupcy.
avid|marked by active interest and enthusiasm.|adjective|Martin is an avid birdwatcher, often taking long hikes into remote mountains to see some rare eagle.
badger|to pester.|verb|Badgered by his parents to find a job, the 30-year-old loafer instead joined a gang of itinerant musicians. This word has other definitions but this is the most important one for the GRE.
balk|refuse to comply.|verb|The students were willing to clean up the broken glass, but when the teacher asked them to mop the entire floor, they balked, citing reasons why they needed to leave.
banish|expel from a community, residence, or location; drive away The most difficult part of the fast was banishing thoughts of food.|verb|This word has other definitions but this is the most important one for the GRE
beatific|blissfully happy.|adjective|Often we imagine all monks to wear the beatific smile of the Buddha, but, like any of us, a monk can have a bad day and not look very happy.
becoming|appropriate, and matches nicely.|adjective|Her dress was becoming and made her look even more beautiful. This word has other definitions but this is the most important one for the GRE.
begrudge|to envy someone for possessing or enjoying something.|verb|Sitting all alone in his room, Harvey begrudged the happiness of the other children playing outside his window.
begrudge|to give reluctantly.|verb|We never begrudge money spent on ourselves.
behooves|to be one's duty or obligation.|verb|"The teacher looked down at the student and said, ""It would behoove you to be in class on time and complete your homework, so that you don't repeat freshman English for a third straight year.""."
belittle|lessen the importance, dignity, or reputation of.|verb|A good teacher will never belittle his students, but will instead empower them.
bellicose|warlike; inclined to quarrel.|adjective|Known for their bellicose ways, the Spartans were once the most feared people from Peloponnesus to Persia.
benign|kind.|adjective|I remember my grandfather's face was wrinkled, benign, and calm.
benign|(medicine) not dangerous to health; not recurrent or progressive.|adjective|The tumor located in your ear lobe seems to be benign and should not cause you any trouble.
besiege|harass, as with questions or requests; cause to feel distressed or worried.|verb|After discovering a priceless artifact in her backyard, Jane was besieged by phone calls, emails, and reporters all trying to buy, hold or see the rare piece of history.
besmirch|damage the good name and reputation of someone.|verb|The prince's distasteful choice of words besmirched not only his own name, but the reputation of the entire royal family.
bleak|having a depressing or gloomy outlook.|adjective|Unremitting overcast skies tend to lead people to create bleak literature and lugubrious music -- compare England's band Radiohead to any band from Southern California.
boon|a desirable state.|noun|Modern technology has been a boon to the travel industry.
boon|very close and convivial.|adjective|He was a boon companion to many, and will be sadly missed.
boorish|ill-mannered and coarse or contemptible in behavior or appearance Bukowski was known for being a boorish drunk and alienating close friends and family.|adjective|boorish - No example found
brusquely|in a blunt, direct manner.|adverb|Not one for social pleasantries, the Chief of Staff would brusquely ask his subordinates anything he wanted, even coffee.
buck|resist.|verb|The profits at our firm bucked the general downturn that effected the real estate industry. This word has other definitions but this is the most important one for the GRE.
buttress|make stronger or defensible.|verb|China's economy has been buttressed by a global demand for the electronic parts the country manufactures.
cadaverous|emaciated; gaunt.|adjective|Some actors take challenging roles in which they have to lose so much weight that they appear cadaverous.
candid|a straightforward and honest look at something.|adjective|Even with a perfect stranger, Charles was always candid and would rarely hold anything back.
candidness|the quality of being honest and straightforward in attitude and speech.|noun|Although I was unhappy that the relationship ended, I appreciated her candidness about why she was ready to move on from the relationship.
cardinal|of primary importance; fundamental.|adjective|Most cultures consider gambling a cardinal sin and thus have outlawed its practice. This word has other definitions but this is the most important one for the GRE.
carping|persistently petty and unjustified criticism.|adjective|What seemed like incessant nagging and carping about my behavior from my mother turned out to be wise and useful advice that has served me well.
catalyst|something that speeds up an event.|noun|Rosa Park's refusal to give up her bus seat acted as a catalyst for the Civil Rights Movement, setting into motion historic changes for African-Americans.
cavalier|given to haughty disregard of others Percy dismissed the issue with a cavalier wave of his hand.|adjective|cavalier - No example found
censor|to examine and remove objectionable material.|verb|Every fall, high school English teachers are inundated by requests to censor their curriculum by removing The Catcher in the Rye and Scarlet Letter from their reading lists.
cerebral|involving intelligence rather than emotions or instinct.|adjective|A cerebral analysis of most pop music finds it to be simple and childish, but that ignores the point--the music's effect on the listener. This word has other definitions but this is the most important one for the GRE.
champion|protect or fight for as a champion.|verb|Martin Luther King Jr. championed civil rights fiercely throughout his short life. This word has other definitions but this is the most important one for the GRE.
chauvinist|a person who believes in the superiority of their group.|noun|The chauvinist lives on both sides of the political spectrum, outright shunning anybody whose ideas are not consistent with his own.
check|to limit (usually modifying the growth of something).|verb|Deserted for six months, the property began to look more like a jungle and less like a residence--weeds grew unchecked in the front yard. This word has other definitions but this is the most important one for the GRE.
check|the condition of being held back or limited.|noun|When government abuses are not kept in check, that government is likely to become autocratic. This word has other definitions but this is the most important one for the GRE.
checkered|one that is marked by disreputable happenings.|adjective|One by one, the presidential candidates dropped out of the race, their respective checkered pasts-- from embezzlement to infidelity--sabotaging their campaigns. This word has other definitions but this is the most important one for the GRE.
chivalrous|being attentive to women like an ideal knight.|adjective|Marco's chivalrous ways, like opening doors and pulling out chairs, was much appreciated by his date.
clemency|leniency and compassion shown toward offenders by a person or agency charged with administering justice.|noun|In the final moments of the trial, during his closing speech, Phillips was nearly begging the judge for clemency.
coalesce|fuse or cause to grow together.|verb|Over time, the various tribes coalesced into a single common culture with one universal language.
cogent|clear and persuasive.|adjective|A cogent argument will change the minds of even the most skeptical audience.
cohesive|well integrated, forming a united whole.|adjective|A well-written, cohesive essay will keep on topic at all times, never losing sight of the main argument.
collusion|agreement on a secret plot.|noun|Many have argued that Lee Harvey Oswald, JFK's assassin, was in collusion with other criminals; others maintain that Oswald was a lone gunman.
colossal|so great in size or force or extent as to elicit awe.|adjective|Few appreciate the colossal scale of the sun: if hollow, it could contain a million Earths.
commendable|worthy of high praise.|adjective|The efforts of the firefighters running into the burning building were commendable.
complacent|contented to a fault with oneself or one's actions.|adjective|After the water polo team won their sixth championship, they became complacent and didn't even make it to the playoffs the next year.
complementary|enhancing each other's qualities (for two things or more).|adjective|The head waiter was careful to tell the amateur diners that red wine was complementary with beef, each bringing out subtle taste notes in the other.
compound|make more intense, stronger, or more marked.|verb|Her headache was compounded by the construction crew outside, which had six jackhammers going at the same time. This word has other definitions but this is the most important one for the GRE.
conducive|making a situation or outcome more likely to happen.|adjective|Studying in a quiet room is conducive to learning; studying in a noisy environment makes learning more difficult.
conniving|taking part in immoral and unethical plots.|verb|The queen was so conniving that, with the help of the prince, she tried to overthrow the king.
consecrate|to make holy or set apart for a high purpose.|verb|At the church of Notre Dame in France, the new High Altar was consecrated in 1182.
constraint|something that limits or restricts.|noun|He found pop music a constraint on his ability to learn and preferred to listen to classical musical while studying.
consummate|having or revealing supreme mastery or skill.|adjective|Tyler was the consummate musician: he was able to play the guitar, harmonica, and the drum at the same time. This word has other definitions but this is the most important one for the GRE.
consummate|to make perfect and complete in every respect.|verb|The restoration of the ancient church was only consummated after a twenty years of labor. This word has other definitions but this is the most important one for the GRE.
contemptuous|scornful, looking down at others with a sneering attitude.|adjective|Always on the forefront of fashion, Vanessa looked contemptuously at anyone wearing dated clothing.
contrite|to be remorseful.|adjective|Though he stole his little sister's licorice stick with malevolent glee, Chucky soon became contrite when his sister wouldn't stop crying.
conundrum|a difficult problem.|noun|Computers have helped solve some of the mathematical conundrums which have puzzled man for many centuries.
convivial|describing a lively atmosphere.|adjective|The wedding reception was convivial; friends who hadn't seen each other for ages drank and ate together before heading to the dance floor.
convoluted|highly complex or intricate.|adjective|Instead of solving the math problem in three simple steps, Kumar used a convoluted solution requiring fifteen steps.
cornucopia|an abundant supply of something good.|noun|The International Food Expo was a cornucopia of culinary delights: gourmet foods from every continent were under one roof.
corroborate|to confirm or lend support to (usually an idea or claim).|verb|Her claim that frog populations were falling precipitously in Central America was corroborated by locals, who reported that many species of frogs had seemingly vanished overnight.
cosmopolitan|comprising many cultures; global in reach and outlook There are few cities in the world as diverse and cosmopolitan as New York.|adjective|cosmopolitan - No example found
credence|belief in something.|noun|He placed no credence in psychics, claiming that they offered no special powers beyond the ability to make people part with their money.
creditable|deserving of praise but not that amazing.|adjective|Critics agreed the movie was creditable, but few gave it more than three out of five stars.
credulity|tendency to believe readily.|noun|Virginia's wide-eyed credulity as a five-year old was replaced by suspicion after she learned that Santa Claus didn't really exist.
cumbersome|difficult to handle or use especially because of size or weight.|adjective|Only ten years ago, being an avid reader and a traveler meant carrying a cumbersome backpack stuffed with books--these days we need only an e-reader.
dearth|a lack or shortage.|noun|I am surprised by the dearth of fast food chains; this is America and I assumed they were on every street.
debase|reduce the quality or value of something.|verb|The third-rate script so debased the film that not even the flawless acting could save it from being a flop.
debunk|expose as false ideas and claims, especially while ridiculing.|verb|Richard Dawkins tries to debunk religious belief, but his ridicule tends to push people away from his points rather than convince them.
decimation|destroying or killing a large part of the population.|noun|The decimation after atomic bombs were dropped on Hiroshima and Nagasaki is incomprehensible.
degrade|reduce in worth or character, usually verbally.|verb|Jesse had mockingly pointed out all of Nancy's faults in front of their friends, publicly degrading the poor girl.
delegate|give an assignment to (a person).|verb|Since the senior manager had to go on many international business trips, she was forced to delegate many of her responsibilities to two lower-level managers. This word has other definitions but this is the most important one for the GRE.
deliberate|think about carefully; weigh the pros and cons of an issue.|verb|Emergency situations such as this call for immediate action and leave no room to deliberate over options. This word has other definitions but this is the most important one for the GRE.
demean|to insult; to cause someone to lose dignity or respect.|verb|At first the soccer players bantered back and forth, but as soon as one of the players became demeaning, calling the other's mother a water buffalo, the ref whipped out a red card.
demure|to be modest and shy.|adjective|The portrait of her in a simple white blouse was sweet and demure.
deride|treat or speak of with contempt.|verb|The nun derided the students for trying to sneak insects and worms into the classroom.
derisive|abusing vocally; expressing contempt or ridicule.|adjective|I was surprised by her derisive tone; usually, she is sweet, soft spoken, and congenial.
derogative|expressed as worthless or in negative terms.|adjective|Never before have we seen a debate between two political candidates that was so derogative and filthy.
desecrate|to willfully violate or destroy a sacred place.|verb|After desecrating the pharaoh's tomb, the archaeologist soon fell victim to a horrible illness.
destitute|poor enough to need help from others.|adjective|Jean Valjean, is at first destitute, but through the grace of a priest, he makes something of his life.
destitute|"completely wanting or lacking (usually ""destitute of"") Now that the mine is closed, the town is destitute of any economic activity."|adjective|destitute - No example found
deter|turn away from by persuasion.|verb|His mother tried to deter him from joing the army, but he was too intoxicated with the idea of war to listen.
deter|try to prevent; show opposition to.|verb|The government's primary job should invlove deterring paths to war, not finding ways to start them.
detrimental|"(sometimes followed by ""to"") causing harm or injury."|adjective|Many know that smoking is detrimental to your health, but processed sugar in large quantities is equally bad.
devolve|pass on or delegate to another.|verb|The company was full of managers known for devolving tasks to lower management, but never doing much work themselves.
devolve|"grow worse (usually ""devolve into"")."|verb|The dialogue between the two academics devolved into a downright bitter argument.
diabolical|to be extremely wicked like the devil.|adjective|The conspirators, willing to dispatch anyone who stood in their way, hatched a diabolical plan to take over the city.
differentiate|be a distinctive feature, attribute, or trait (sometimes in positive sense).|verb|Mozart's long melodic lines differentiate his compositions from other works of late 18th century music.
differentiate|evolve so as to lead to a new species or develop in a way most suited to the environment.|verb|Animals on Madagascar differentiated from other similar animal species due to many years of isolation on the island.
dilapidated|in terrible condition.|adjective|The main house has been restored but the gazebo is still dilapidated and unuseable.
diligent|characterized by care and perseverance in carrying out tasks.|adjective|Michael was a diligent gardener, never leaving a leaf on the ground and regularly watering each plant.
discord|lack of agreement or harmony.|noun|Despite all their talented players, the team was filled with discord--some players refused to talk to others--and lost most of their games.
discreet|careful to protect one's speech or actions in order to avoid offense or gain an advantage.|adjective|The professor thought that he was discreet, subtly wiping the stain off of his shirt, but as soon as he stepped off the podium a member of the audience pointed out the large ketchup stain.
discriminate|recognize or perceive the difference.|verb|Sarah couldn't discriminate between a good wine and a bad wine, so she avoided wine tastings. This word has other definitions but this is the most important one for the GRE.
disenfranchise|deprive of voting rights.|verb|The U.S. Constitution disenfranchised women until 1920 when they were given the right to vote.
disheartened|made less hopeful or enthusiastic.|adjective|After the visiting team scored nine times, the home team's fans were disheartened, some leaving the game early.
disparate|two things are fundamentally different.|adjective|With the advent of machines capable of looking inside the brain, fields as disparate as religion and biology have been brought together by scientists trying to understand what happens in the brain when people have a religious experience.
dispatch|the property of being prompt and efficient.|noun|She finished her thesis with dispatch, amazing her advisors who couldn't believe she hadn't written 60 scholarly pages so quickly. This word has other definitions but this is the most important one for the GRE.
dispatch|dispose of rapidly and without delay and efficiently.|verb|As soon as the angry peasants stormed the castle, they caught the king and swiftly dispatched him. This word has other definitions but this is the most important one for the GRE.
docile|easily handled or managed; willing to be taught or led or supervised or directed Barnyard animals are considerably more docile than the wild animals.|adjective|docile - No example found
dog|to pursue relentlessly; to hound.|verb|Throughout his life, he was dogged by insecurities that inhibited personal growth. This word has other definitions but this is the most important one for the GRE.
dupe|to trick or swindle.|verb|Once again a get-rich-fast Internt scheme had duped Harold into submitting a $5,000 check to a sham operation.
dupe|a person who is easily tricked or swindled.|noun|The charlatan mistook the crowd for a bunch of dupes, but the crowd was quickly on to him and decried his bald-faced attempt to bilk them.
eccentric|highly unconventional or usual (usually describes a person).|adjective|Mozart was well-known for his eccentricities, often speaking words backward to confuse those around him.
egotist|a conceited and self-centered person.|noun|An egotist, Natasha had few friends because of her inability to talk about anything except her dream of becoming the next American Idol.
eke|To live off meager resources, to scrape by.|verb|Stranded in a cabin over the winter, Terry was able to eke out an existence on canned food.
elaborate|marked by complexity and richness of detail.|adjective|Thomas, on returning from Morocco, replaced his dirty gray carpet with an elaborate one he'd brought back with him.
elaborate|explain in more detail.|verb|Most high school physics teachers find themselves elaborating the same point over and over again, since many concepts confuse students.
elude|escape understanding.|verb|Even a basic understanding of physics can elude most high schools students.
elusive|difficult to capture or difficult to remember.|adjective|Many first time skydivers say that describing the act of falling from the sky is elusive.
embellish|make more attractive by adding ornament, colour, etc.|verb|; make more beautiful McCartney would write relatively straightforward lyrics, and Lennon would embellish them with puns and poetic images.
embroiled|involved in argument or contention.|adjective|These days we are never short of a D.C. politician embroiled in scandal--a welcome phenomenon for those who, having barely finished feasting on the sordid details of one imbroglio, can sink their teeth into a fresh one.
empathetic|showing understanding and ready comprehension of other peoples' states and emotions.|adjective|Most discrimination and hatred is based on a lack of empathetic awareness of people that have the same aspitations and fears.
emulate|strive to equal or match, especially by imitating; compete with successfully.|verb|To really become fluent in a new language, emulate the speech patterns and intonation of people who speak the language.
endemic|native; originating where it is found.|adjective|Irish cuisine makes great use of potatoes, but ironically, the potato is not endemic to Ireland.
enmity|a state of deep-seated ill-will.|noun|Charles rude remark toward Sarah yesterday was due to his illness, not due to any real enmity toward Sarah.
entice|get someone to do something through (often false or exaggerated) promises.|verb|Harold enticed his wife, Maude, to go on a vacation to Hawaii, with promises of luaus on the beach and all-you-can-eat seafood buffets.
enumerate|determine the number or amount of.|verb|The survey enumerates the number of happy workers and the number of unhappy workers.
enumerate|specify individually, one by one.|verb|I sat and listened as she enumerated all of the things she did not like about the past three months.
err|to make an error.|verb|"He erred in thinking that ""indigent"" and ""indignant"" were synonyms."
errant|to be wandering; not sticking to a circumscribed path.|adjective|Unlike his peers, who spent their hours studying in the library, Matthew preferred errant walks through the university campus.
erratic|unpredictable; strange and unconventional.|adjective|It came as no surprise to pundits that the President's attempt at re-election floundered; even during his term, support for his policies was erratic, with an approval rating jumping anywhere from 30 to 60 percent.
euphoria|a feeling of great (usually exaggerated) elation.|noun|The euphoria of winning her first gold medal in the 100 meter dash overwhelmed Shelly-Ann Fraser and she wept tears of immense joy.
evasive|avoiding or escaping from difficulty or danger or commitment.|adjective|His responses were clearly evasive; he obviously did not want to take on any responsibility or any new work.
evasive|deliberately vague or ambiguous.|adjective|Every time I call the bank, I receive the same evasive answers about our mortgage and never get a clear response.
evenhanded|without partiality.|adjective|Teachers often have trouble being evenhanded to all of their varied students.
exasperate|to irritate intensely.|verb|As a child, I exasperated my mother with strings of never-ending questions.
excruciating|extremely painful.|adjective|After the boulder rolled a couple of feet, pinning my friend's arm, he experienced excruciating pain.
exemplify|be characteristic of.|verb|Lincoln exemplified the best of not only America, but also the potential greatness that exists within each person.
exemplify|clarify by giving an example of.|verb|Please present some case studies that exemplify the results that you claim in your paper.
exhort|to strongly urge on; encourage.|verb|Nelson's parents exhorted him to study medicine, urging him to choose a respectable profession; intransigent, Nelson left home to become a graffiti artist.
extenuating|making less guilty or more forgivable.|adjective|The jury was hardly moved by the man's plea that his loneliness was an extenuating factor in his crime of dognapping a prized pooch.
facetious|cleverly amusing in tone.|adjective|Facetious behavior will not be tolerated during sex eduation class; it's time for all of you to treat these matters like mature adults.
fawn|try to gain favor by extreme flattery.|verb|The media fawned over the handsome new CEO, praising his impeccable sense of style instead of asking more pointed questions. This word has other definitions but this is the most important one for the GRE.
ferret|to search for something persistently.|verb|Ever the resourceful lexicographer, Fenton was able to ferret out the word origin of highly obscure words. This word has other definitions but this is the most important one for the GRE.
fete|to celebrate a person.|verb|After World War II, war heroes were feted at first but quickly forgotten.
fickle|liable to sudden unpredictable change, esp.|adjective|in affections or attachments. She was so fickle in her politics, it was hard to pinpoint her beliefs; one week she would embrace a side, and the next week she would denounce it.
finagle|achieve something by means of trickery or devious methods.|verb|Steven was able to finagle one of the last seats on the train by convincing the conductor that his torn stub was actually a valid ticket.
fledgling|young and inexperienced; describing any new participant in some activity Murray has years of experience in family practice, but he is just a fledgling in surgery.|adjective|fledgling - No example found
fleece|to deceive.|verb|Many people have been fleeced by Internet scams and never received their money back. This word has other definitions but this is the most important one for the GRE.
flounder|behave awkwardly; have difficulties.|verb|Sylvia has excelled at advanced calculus, but ironically, when she has deal with taxes, she flounders.
flush|to be in abundance.|adjective|The exam's passage is flush with difficult words, words that you may have learned only yesterday.
foible|a behavioral attribute that is distinctive and peculiar to an individual.|noun|When their new roommate sat staring at an oak tree for an hour, Marcia thought it indicated a mental problem, but Jeff assured her it was a harmless foible.
foolhardy|marked by defiant disregard for danger or consequences.|adjective|The police regularly face dangerous situations, so for a police officer not to wear his bullet-proof vest is foolhardy.
forthright|characterized by directness in manner or speech; without subtlety or evasion.|adjective|I did not expect the insurance agent to give us any straight answers, but I was pleasent surprised by how forthright he was.
futile|producing no result or effect; unproductive of success.|adjective|I thought I could repair the car myself, but after two days of work with no success, I have to admit that my efforts were futile.
genial|agreeable, conducive to comfort.|adjective|Betty is a genial young woman: everyone she meets is put at ease by her elegance and grace.
genteel|marked by refinement in taste and manners.|adjective|A live string quartet would provide a more genteel air to the wedding than would a folk singer.
glean|collect information bit by bit.|verb|Herb has given us no formal statement about his background, but from various hints, I have gleaned that he grew up in difficult circumstances.
glib|(of a person) speaking with ease but without sincerity I have found that the more glib the salesman, the worse the product.|adjective|glib - No example found
goad|urge on with unpleasant comments.|verb|Doug did not want to enter the race, but Jim, through a steady stream of taunts, goaded him into signing up for it.
grovel|show submission or fear.|verb|Every time Susan comes to the office, Frank grovels as if she were about to fire.
guffaw|laugh boisterously.|verb|Whenever the jester fell to the ground in mock pain, the king guffawed, exposing his yellow, fang-like teeth.
hamper|prevent the progress or free movement of.|verb|As the rain water began to collect in pools on the highway, it began to hamper the flow of traffic. This word has other definitions but this is the most important one for the GRE.
hamstrung|made ineffective or powerless.|verb|The FBI has made so many restriction on the local police that they are absolutely hamstrung, unable to accomplish anything.
heyday|the pinnacle or top of a time period or career.|noun|During the heyday of Prohibition, bootlegging had become such a lucrative business that many who had been opposed to the 18th Amendment began to fear it would be repealed.
hodgepodge|a confusing mixture or jumble.|noun|Those in attendance represented a hodgepodge of the city's denizens: chimney sweepers could be seen sitting elbow to elbow with stockbrokers.
hound|to pursue relentlessly.|verb|An implacable foe of corruption, Eliot Ness hounded out graft in all forms--he even helped nab Al Capone. This word has other definitions but this is the most important one for the GRE.
humdrum|dull and lacking excitement.|adjective|Having grown up in a humdrum suburb, Jacob relished life in New York City after moving.
illicit|contrary to or forbidden by law.|adjective|Though Al Capone was engaged in many illicit activities, he was finally arrested for income tax evasion, a relatively minor offense.
immaterial|not relevant.|adjective|The judge found the defendant's comments immaterial to the trial, and summarily dismissed him from the witness stand.
impeccable|without fault or error.|adjective|He was impeccably dressed in the latest fashion without a single crease or stain.
impede|be a hindrance or obstacle to.|verb|Since the police sergeant had to train the pair of new hires, progress in his own case was impeded.
impending|close in time; about to occur.|adjective|The impending doom of our world has been a discussed and debated for 2000 years--maybe even longer.
impermeable|does not allow fluids to pass through.|adjective|The sand bags placed on the river formed an impermeable barrier, protecting the town from flooding.
implicate|convey a meaning; imply.|verb|By saying that some of the guests were uncomfortable, the manager implicated to the hotel staff that it needed to be more dilligent.
implicate|to indicate in wrongdoing, usually a crime.|verb|The crime boss was implicated for a long list of crimes, ranging from murder to disturbing the peace.
imponderable|impossible to estimate or figure out.|adjective|According to many lawmakers, the huge variety of factors affecting society make devising an efficient healthcare system an imponderable task.
impregnable|immune to attack; incapable of being tampered with.|adjective|As a child, Amy would build pillow castles and pretend they were impregnable fotresses.
inadvertent|happening by chance or unexpectedly or unintentionally.|adjective|Although Prohibition was rooted in noble ideals, the inadvertent and costly consequences of making alcohol illegal in the U.S. led its the repeal.
inarticulate|without or deprived of the use of speech or words.|adjective|Although a brilliant economist, Professor Black was completely inarticulate, a terrible lecturer.
incense|make furious.|verb|When Herb bought football tickets for a game on the day of their wedding anniversary, Jill was incensed. This word has other definitions but this is the most important one for the GRE.
incessant|uninterrupted in time and indefinitely long continuing.|adjective|I don't mind small children in brief doses, but I think the incessant exposure that their parents have to them would quickly wear me down.
inclement|(of weather) unpleasant, stormy.|adjective|After a week of inclement weather, we finally are able to go outside and enjoy the sun.
inclement|used of persons or behavior; showing no mercy.|adjective|Marcus Aurelius, though a fair man, was inclement to Christians during his reign, persecuting them violently.
incumbent|necessary (for someone) as a duty or responsibility.|adjective|Middle managers at times make important decisions, but real responsibility for the financial well-being of the corporation is ultimately incumbent on the CEO.
indict|to formally charge or accuse of wrong-doing.|verb|The bankrobber was indicted on several major charges, including possession of a firearm.
indigenous|originating in a certain area.|adjective|The plants and animals indigenous to Australia are notably different from those indigenous to the U.S-- one look at a duckbill platypus and you know you're not dealing with an opossum.
indignant|feeling anger over a perceived injustice.|adjective|"When the cyclist swerved into traffic, it forced the driver to brake and elicited an indignant shout of ""Hey, punk, watch where you're going!""."
industrious|characterized by hard work and perseverance.|adjective|Pete was an industrious student, completing every assignment thoroughly and on time.
inflammable|extremely controversial, incendiary.|adjective|It only takes one person to leave an inflammable comment on an Internet thread for that thread to blow up into pages upon pages of reader indignation.
ingenuity|the power of creative imagination.|noun|Daedalus was famous for his ingenuity; he was able to fashion his son Icarus with a pair of wings, using wax to hold them together.
inkling|a slight suggestion or vague understanding.|noun|Lynne speaks four Romance languages, but she doesn't have an inkling about how East Asian languages are structured.
insipid|dull and uninteresting.|adjective|The movie director was known for hiring beautiful actors in order to deflect attention away from the insipid scripts he would typically use.
insolvent|unable to pay one's bills; bankrupt.|adjective|With credit card bills skyrocketing, a shockingly large number of Americans are truly insolvent.
intermittent|stopping and starting at irregular intervals.|adjective|The intermittent thunder continued and the night was punctuated by cracks of lightning--a surreal sleepless night.
inundate|to flood or overwhelm.|verb|The newsroom was inundated with false reports that only made it more difficult for the newscasters to provide an objective account of the bank robbery.
irascible|quickly aroused to anger.|adjective|If Arthur's dog is not fed adequately, he becames highly irascible, even growling at his own shadow.
irk|irritate or vex.|verb|My little sister has a way of irking and annoying me like no other person.
irresolute|uncertain how to act or proceed.|adjective|He stood irresolute at the split in the trail, not sure which route would lead back to the camp.
jargon|a characteristic language of a particular group.|noun|To those with little training in medicine, the jargon of doctors can be very difficult to understand.
jocular|characterized by jokes and good humor.|adjective|My uncle was always in a jocular mood at family gatherings, messing up people's hair and telling knock- knock jokes to anyone who would listen.
junta|an aggressive takeover by a group (usually military).|noun|As dangerous of a threat as North Korea is, some analysts believe that were a junta suddenly to gain power, it could be even more unpredictable and bellicose than the current leadership.
laborious|characterized by effort to the point of exhaustion; especially physical effort The most laborious job I've had was working 20 hours a day as a fisherman in King Salmon, Alaska.|adjective|laborious - No example found
leery|openly distrustful and unwilling to confide.|adjective|Without checking his references and talking to previous employers, I am leery of hiring the candidate.
lethargic|lacking energy.|adjective|Nothing can make a person more lethargic than a big turkey dinner.
lucid|(of language) transparently clear; easily understandable.|adjective|Though Walters writes about physics and time travel, his writing is always lucid, so readers with little scientific training can understand difficult concepts.
macabre|suggesting the horror of death and decay; gruesome.|adjective|Edgar Allen Poe was considered the master of the macabre; his stories vividly describe the moment leading up to--and often those moments after--a grisly death.
malady|a disease or sickness.|noun|The town was struck by a malady throughout the winter that left most people sick in bed for two weeks.
malevolent|wishing or appearing to wish evil to others; arising from intense ill will or hatred Villians are known for their malevolent nature, oftentimes inflicting cruetly on others just for enjoyment.|adjective|malevolent - No example found
malleable|capable of being shaped or bent or drawn out.|adjective|The clay became malleable and easy to work with after a little water was added.
malleable|easily influenced.|adjective|My little brother is so malleable that I can convince him to sneak cookies from the cupboard for me.
malodorous|having an unpleasant smell.|adjective|Some thermally active fountains spew sulfur fumes--the air around them is sometimes so malodorous that many have to plug their noses.
martial|suggesting war or military life.|adjective|Americans tend to remember Abraham Lincoln as kindly and wise, not at all martial, despite the fact that he was involved in the fiercest war America has even fought.
maxim|a short saying expressing a general truth.|noun|Johnson initially suggests that the secret to business can be summarized in a single maxim but then requires a 300-page book to explain exactly what he means.
meander|to wander aimlessly.|verb|A casual observer might have thought that Peter was meandering through the city, but that day he was actually seeking out those places where he and his long lost love had once visited.
melancholy|a deep, long-lasting sadness.|noun|Hamlet is a figure of tremendous melancholy: he doesn't have a truly cheerful scene throughout the entire play.
melee|a wild, confusing fight or struggle.|noun|After enduring daily taunts about my name, I became enraged and pummeled the schoolyard bully and his sycophantic friends in a brutal melee.
mesmerize|to spellbind or enthrall.|verb|The plot and the characters were so well developed that many viewers were mesmerized, unable to move their eyes from the screen for even a single second.
misanthrope|a hater of mankind.|noun|Hamilton had been deceived so many times in his life that he hid behind the gruff exterior of a. misanthrope, lambasting perfect strangers for no apparent reason.
miscreant|a person who breaks the law.|noun|Come back you miscreant! yelled the woman who just had her purse stollen.
miser|a person who doesn't like to spend money (because they are greedy) Monte was no miser, but was simply frugal, wisely spending the little that he earned.|noun|miser - No example found
misogynist|a person who dislikes women in particular.|noun|Many have accused Hemingway of being a quiet misogynist, but recently unearthed letters argue against this belief.
moment|significant and important value.|noun|Despite the initial hullabaloo, the play was of no great moment in Hampton's writing career, and within a few years the public quickly forgot his foray into theater arts. This word has other definitions but this is the most important one for the GRE.
moot|open to argument or debate; undecidable in a meaningless or irrelevant way.|adjective|Since the Board just terminated Steve as the CEO, what the finance committe might have thought of his proposed marketing plan for next year is now a moot point. This word has other definitions but this is the most important one for the GRE.
morose|ill-tempered and not inclined to talk; gloomy.|adjective|After Stanley found out he was no longer able to go on vacation with his friends, he sat in his room morosely.
morph|To undergo dramatic change in a seamless and barely noticeable fashion.|verb|The earnestness of the daytime talk shows of the 1970's has morphed into something far more sensational and vulgar: today guests actually standup and threaten to take swings at one another.
muted|softened, subdued.|adjective|Helen preferred muted earth colors, such as green and brown, to the bright pinks and red her sister liked. This word has other definitions but this is the most important one for the GRE.
obdurate|stubbornly persistent in changing an opinion or action.|adjective|No number of pleas and bribes would get him to change his obdurate attitude.
obliging|showing a cheerful willingness to do favors for others.|adjective|"Even after all his success, I found him to be accommodating and obliging, sharing with me his ""secret tips"" on how to gain wealth and make friends."
obstinate|resistant to guidance or discipline; stubbornly persistent.|adjective|The coach suggested improvements Sarah might make on the balance beam, but she remained obstinate, unwilling to modify any of the habits that made her successful in the past.
ornate|marked by elaborate rhetoric and elaborated with decorative details.|adjective|The ornate Victorian and Edwardian homes spread throughout San Francisco are my favorite part of the city.
paradoxical|seemingly contradictory but nonetheless possibly true.|adjective|That light could be both a particle and a wave seems paradoxical, but nonetheless, it is true.
pastoral|relating to the countryside in a pleasant sense.|adjective|Those who imagine America's countryside as a pastoral region are often disappointed to learn that much of rural U.S. is filled with cornfields extending as far as the eye can see.
patronize|treat condescendingly.|verb|She says she genuinely wanted to help me, but instead she patronized me, constantly pointing out how I was inferior to her. This word has other definitions but this is the most important one for the GRE.
paucity|a lack of something.|noun|There is a paucity of jobs hiring today that require menial skills, since most jobs have either been automated or outsourced.
peevish|easily irritated or annoyed.|adjective|Our office manager is peevish, so the rest of us tip-toe around him, hoping not to set off another one of his fits.
perennial|lasting an indefinitely long time; eternal; everlasting.|adjective|Even at the old-timers games, Stan Musial would get the loudest cheer: he was a perennial favorite of the fans there. This word has other definitions but this is the most important one for the GRE.
perpetuate|cause to continue.|verb|If you do not let him do things for himself, you are merely perpetuating bad habits that will be even harder to break in the future.
perquisite|a right reserved exclusively by a particular person or group (especially a hereditary or official right).|noun|Even as the dishwasher at the French restaurant, Josh quickly learned that he had the perquisite of being able to eat terrific food for half the price diners would pay.
pertinent|having precise or logical relevance to the matter at hand.|adjective|While the salaries of the players might draw attention in the media, such monetary figures are not pertinent to the question of who plays the best on the field.
perturb|disturb in mind or cause to be worried or alarmed.|verb|Now that Henry is recovering from a major illnesses, he no longer lets the little trivialities, such as late mail, perturb him.
peruse|to read very carefully.|verb|Instead of perusing important documents, people all too often rush to the bottom of the page and plaster their signatures at the bottom.
pine|to yearn for.|verb|Standing forlornly by the window, she pined for her lost love. This word has other definitions but this is the most important one for the GRE.
pinnacle|the highest point.|noun|At its pinnacle, the Roman Empire extended across most of the landmass of Eurasia, a feat not paralleled to the rise of the British Empire in the 18th and 19th century.
piquant|having an agreeably pungent taste.|adjective|The chef, with a mere flick of the salt shaker, turned the bland tomato soup into a piquant meal.
pithy|concise and full of meaning.|adjective|I enjoy reading the Daodejing for its pithy and insightful prose; it always gives me something to think about.
pittance|a small amount (of money).|noun|Vinny's uncle beamed smugly about how he'd offered his nephew fifty dollars for his Harvard tuition; even twice the amount would have been a mere pittance.
placid|not easily irritated.|adjective|Doug is normally placid, so we were all shocked to see him yelling at the television when the Mets lost the game.
plodding|(of movement) slow and laborious.|adjective|Charlie may seem to run at a plodding pace, but he is an ultramarathoner, meaning he runs distances of up to 100 miles, and can run for ten hours at a stretch.
ploy|a clever plan to turn a situation to one's advantage.|noun|Dennis arranged an elaborate ploy, involving 14 different people lying for him in different situations, so that it could appear that he was meeting Mary completely by chance at the wedding reception.
powwow|an informal meeting or discussion.|noun|Before the team takes the field, the coach always calls for a powwow so that he can make sure all the players are mentally in the right place.
precarious|fraught with danger.|adjective|People smoke to relax and forget their cares, but ironically, in terms of health risks, smoking is far more precarious than either mountain-climbing or skydiving.
precedent|an example that is used to justify similar occurrences at a later time.|noun|The principal explained that even though one student had done modelling work outside of school, the outfits that student wore in those photographs in no way established a precedent for what could be worn at school dances.
preempt|take the place of or have precedence over.|verb|A governmental warning about an imminent terrorist attack would preempt ordinary network programming on television.
preemptive|done before someone else can do it.|adjective|Just as Martha was about to take the only cookie left on the table, Noah preemptively swiped it.
presumption|an assumption that is taken for granted.|noun|When Mr. Baker found out the family car was gone, he acted under the presumption that his rebellious son had taken the car, calling his son's phone and yelling at him; only later did Mr. Baker realize that Mrs. Baker had simply gone out to get her nails d.
presumption|audacious (even arrogant) behavior that you have no right to.|noun|The new neighbor quickly gained a reptuation for her presumption; she had invited herself to several of the neighbors homes, often stopping over at inopportune times and asking for a drink.
presumptuous|excessively forward.|adjective|Many felt that Barney was presumptuous in moving into the large office before the management even made any official announcement of his promotion.
prevail|be widespread in a particular area at a particular time; be current: During the labor negotiations, an air of hostility prevailed in the office.|verb|prevail - No example found
prevail|prove superior.|verb|Before the cricket match, Australia was heavily favored, but India prevailed.
pristine|Unspoiled, untouched (usu.|adjective|of nature). The glacial lake was pristine and we filled our canteens to drink deeply.
pristine|Immaculately clean and unused.|adjective|Drill sergeants are known for demanding pristine cabinets, uniforms, and beds, and often make new recruits clean and clean and clean until they meet the expected high standards.
profuse|plentiful; pouring out in abundance.|adjective|During mile 20 of the Hawaii Marathon, Dwayne was sweating so profusely that he stopped to take off his shirt, and ran the remaining six miles wearing nothing more than skimpy shorts. Note:.
profusion|the property of being extremely abundant.|noun|When Maria reported that she had been visited by Jesus Christ and had proof, a profusion of reporters. and journalists descended on the town.
proponent|a person who pleads for a cause or propounds an idea.|noun|Ironically, the leading proponent of Flat-Earth Theory flies all over the world in an effort to win more adherents.
provisional|under terms not final or fully worked out or agreed upon.|adjective|Until the corporate office hands down a definitive decision on use of the extra offices, we will share their use in a provisional arrangement.
pugnacious|eager to fight or argue; verbally combative.|adjective|"The comedian told one flat joke after another, and when the audience started booing, he pugnaciously back at them, ""Hey, you think this is easy -- why don""t you buffoons give it a shot?""."
qualm|uneasiness about the fitness of an action.|noun|While he could articulate no clear reason why Harkner's plan would fail, he neverless felt qualms about committing any resources to it.
quandary|state of uncertainty or perplexity especially as requiring a choice between equally unfavorable options.|noun|Steve certainly is in a quandary: if he doesn't call Elaine, she will blame him for everything, but if he does call her, the evidence of where he currently is could cost him his job.
quip|a witty saying or remark.|noun|"In one of the most famous quips about classical music, Mark Twain said: ""Wagner's music is better than it sounds.""."
raffish|marked by a carefree unconventionality or disreputableness.|adjective|The men found him raffish, but the women adored his smart clothes and casual attitude.
raft|a large number of something.|noun|Despite a raft of city ordinances passed by an overzealous council, noise pollution continued unabated in the megalopolis. This word has other definitions but this is the most important one for the GRE.
rakish|marked by a carefree unconventionality or disreputableness.|adjective|As soon as he arrived in the city, the rakish young man bought some drugs and headed straight for the seedy parts of town.
rankle|gnaw into; make resentful or angry.|verb|His constant whistling would rankle her, sometimes causing her to leave in a huff.
rash|marked by defiant disregard for danger or consequences; imprudently incurring risk Although Bruce was able to make the delivery in time with a nightime motorcycle ride in the rain, Susan.|adjective|criticized his actions as rash. This word has other definitions but this is the most important one for the GRE.
redress|an act of making something right.|noun|Barry forgot his wife's birthday two years in a row, and was only able to redress his oversight by surprising his wife with a trip to Tahiti. This word has other definitions but this is the most important one for the GRE.
relegate|assign to a lower position.|verb|When Dexter was unable to fulfill his basic duties, instead of firing him, the boss relegated him to kitchen cleanup.
remiss|"to be negligent in one""s duty."|adjective|Remiss in his duty to keep the school functioning efficiently, the principle was relieved of his position after only three months.
renege|fail to fulfill a promise or obligation.|verb|We will no longer work with that vendor since it has reneged on nearly every agreement.
replete|completely stocked or furnished with something.|adjective|Only weeks after the hurricane made landfall, the local supermarket shelves were replete with goods, so quick was the disaster relief response.
reprobate|a person who is disapproved of.|noun|Those old reprobates drinking all day down by the river--they are not going to amount to much.
reservation|an unstated doubt that prevents you from accepting something wholeheartedly.|noun|I was initially excited by the idea of a trip to Washington, D.C. but now that I have read about the high crime statistics there, I have some reservations. This word has other definitions but this is the most important one for the GRE.
resignation|the acceptance of something unpleasant that can't be avoided.|noun|Since Jack could not think of a convincing reason why he had to miss the seminar, he attended it with a sense of resignation. This word has other definitions but this is the most important one for the GRE.
resolve|reach a conclusion after a discussion or deliberation.|verb|After much thought, Ted resolved not to travel abroad this summer because he didn't have much money in his bank account. This word has other definitions but this is the most important one for the GRE.
respite|a pause from doing something (as work).|noun|Every afternoon, the small company has a respite in which workers play foosball or board games.
retiring|to be shy, and to be inclined to retract from company.|adjective|"Nelson was always the first to leave soirees--rather than mill about with ""fashionable"" folk, he was retiring, and preferred the solitude of his garret."
retract|pull inward or towards a center; formally reject or disavow a formerly held belief, usually under pressure.|verb|Email is wonderfully efficient, but once something awkward or damaging has been sent, there is no way to retract it.
rile|cause annoyance in; disturb, especially by minor irritations.|verb|Dan is usually calm and balanced, but it takes only one intense glare from Sabrina to rile him.
robust|sturdy and strong in form, constitution, or construction.|adjective|Chris preferred bland and mild beers, but Bhavin preferred a beer with more robust flavor.
sanctimonious|making a show of being pious; holier-than-thou.|adjective|Even during the quiet sanctity of evening prayer, she held her chin high, a sanctimonious sneer forming on her face as she eyed those who were attending church for the first time.
sanguine|cheerful; optimistic.|adjective|With the prospect of having to learn 3,000 words during the course of the summer, Paul was anything but sanguine.
savvy|a perceptive understanding.|noun|Although a great CEO, he did not have the political savvy to win the election.
savvy|get the meaning of something.|verb|The student savvies the meaning of astrophysics with little effort.
savvy|well-informed or perceptive.|adjective|With his savvy business partner, the company was able to turn a profit within a year.
scintillating|describes someone who is brilliant and lively.|adjective|Richard Feynman was renowned for his scintillating lectures--the arcana of quantum physics was made lucid as he wrote animatedly on the chalkboard.
screed|an abusive rant (often tedious).|noun|Joey had difficulty hanging out with his former best friend Perry, who, during his entire cup of coffee, enumerated all of the government's deficiencies--only to break ranks and launch into some screed against big business.
sentimental|effusively or insincerely emotional, especially in art, music, and literature.|adjective|I don't like romanticism for the same reason I don't like melodramatic acting and soap operas--overly sentimental.
serendipity|the instance in which an accidental, fortunate discovery is made.|noun|The invention of the 3M Post It Note was serendipitous, because the scientist who had come up with the. idea was looking for a strong adhesive; the weak adhesive he came up with was perfect for holding a piece of paper in place but made it very easy for so.
serene|calm and peaceful.|adjective|I'd never seen him so serene; usually, he was a knot of stress and anxiety from hours of trading on the stock exchange.
slapdash|carelessly and hastily put together.|adjective|The office building had been constructed in a slapdash manner, so it did not surprise officials when, during a small earthquake, a large crack emerged on the faÃƒÂ§ade of the building.
smattering|a slight or superficial understanding of a subject; a small amount of something.|noun|I know only a smattering of German, but Helen is able to read German newspapers and converse with natives.
smug|marked by excessive complacency or self-satisfaction.|adjective|When Phil was dating the model, he had a smug attitude that annoyed his buddies.
snide|expressive of contempt; derogatory or mocking in an indirect way.|adjective|The chairman interpreted Taylor's question about promotions as a snide remark, but in all innocence Taylor was trying to figure out the company's process.
snub|refuse to acknowledge; reject outright and bluntly.|verb|Wheeler was completely qualified for the committee, but the board snubbed him, choosing an obviously lesser qualified candidate instead.
sordid|involving ignoble actions and motives; arousing moral distaste and contempt; foul and run-down and repulsive.|adjective|The nightly news simply announced that the senator had had an affair, but the tabloid published all the sordid details of the interaction. This word has other definitions but this is the most important one for the GRE.
spendthrift|one who spends money extravagantly.|noun|Taking weekly trips to Vegas, Megan was a spendthrift whose excesses eventually caught up to her.
spurn|reject with contempt.|verb|She spurned all his flattery and proposals, and so he walked off embarrassed and sad.
squander|spend thoughtlessly; waste time, money, or an opportunity.|verb|Fearing his money would be squandered by his family, he gave all of it to charity when he died.
staid|characterized by dignity and propriety.|adjective|Frank came from a staid enviroment, so he was shocked that his college rooommate sold narcotics.
start|to suddenly move in a particular direction.|verb|All alone in the mansion, Henrietta started when she heard a sound. This word has other definitions but this is the most important one for the GRE.
steadfast|marked by firm determination or resolution; not shakable.|adjective|A good captain needs to be steadfast, continuing to hold the wheel and stay the course even during the most violent storm.
stem|to hold back or limit the flow or growth of something.|verb|To stem the tide of applications, the prestigious Ivy requires that each applicant score at least 330 on the Revised GRE. This word has other definitions but this is the most important one for the GRE.
stipend|a regular allowance (of money).|noun|He was hoping for a monthly allowance loan from the government, but after no such stipend was forthcoming he realized he would have to seek other means of paying for his college tuition.
stolid|having or revealing little emotion or sensibility; not easily aroused or excited Elephants may appear stolid to casual observers, but they actually have passionate emotional lives.|adjective|stolid - No example found
stymie|hinder or prevent the progress or accomplishment of.|verb|The engineers found their plans stymied at every turn and were ultimately able to make amlost no progress on the project.
summit|the peak or highest point.|noun|After hiking for two days, the climbers finally reached the summit of Mount Kilimanjaro.
summit|a meeting of high-level leaders.|noun|Since climate change policy has been mired in congressional fighting, this summit should help set the goals for president's next term.
surly|inclined to anger or bad feelings with overtones of menace.|adjective|Every morning, Bhavin was a surly unhappy person, but once he ate breakfast, he became loving, laughing, and a joy to be around.
tact|consideration in dealing with others and avoiding giving offense.|noun|In a tremendous display of tact, Shelly was able to maintain a strong friendship with Marcia, even though Marcia's husband, Frank, confessed to finding Shelley more attractive than Marcia.
tarnish|make dirty or spotty, as by exposure to air; also used metaphorically.|verb|Pete Rose was one of the best baseball players of his generation, but his involvement with gambling on baseball games has tarnished his image in the eyes of many.
tawdry|tastelessly showy; cheap and shoddy.|adjective|Carol expected to find New York City magical, the way so many movies had portrayed it, but she was. surprised how often tawdry displays took the place of genuine elegance.
taxing|use to the limit; exhaust.|adjective|The hike to the summit of Mt. Whitney was so taxing that I could barely speak or stand up. This word has other definitions but this is the most important one for the GRE.
telling|significant and revealing of another factor.|adjective|Her unbecoming dress was very telling when it came to her sense of fashion.
telltale|revealing.|adjective|The many telltale signs of chronic smoking include yellow teeth, and a persistent, hacking cough.
tender|offer up something formally.|verb|The government was loath to tender more money in the fear that it might set off inflation. This word has other definitions but this is the most important one for the GRE.
thoroughgoing|very thorough; complete.|adjective|As a thoroughgoing bibliophile, one who had turned his house into a veritable library, he shocked his friends when he bought a Kindle.
thrifty|spending money wisely.|adjective|He was economical, spending his money thriftily and on items considered essential.
thwart|hinder or prevent (the efforts, plans, or desires) of.|verb|I wanted to spend a week in New York this autumn, but the high costs of travel and lodging thwarted my plans.
tirade|an angry speech.|noun|In terms of political change, a tirade oftentimes does little more than make the person speaking red in the face.
tout|advertize in strongly positive terms; show off.|verb|At the conference, the CEO touted the extraordinary success of his company's Research & Development division.
transitory|lasting a very short time.|adjective|If we lived forever and life was not transitory, do you think we would appreciate life less or more?.
travail|use of physical or mental energy; hard work; agony or anguish.|noun|While they experienced nothing but travails in refinishing the kitchen, they completed the master bedroom in less than a weekend.
tribulation|something, especially an event, that causes difficulty and suffering.|noun|As of 2013, nearly 1.5 million Syrians have fled their country hoping to escape the tribulations of a civil war tearing their country to pieces.
tumult|a state of chaos, noise and confusion.|noun|Riots broke out just in front of our apartment building, and the tumult continued late into the night.
uncanny|suggesting the operation of supernatural influences; surpassing the ordinary or normal.|adjective|Reggie has an uncanny ability to connect with animals: feral cats will readily approach him, and sometimes even wild birds will land on his finger.
uncompromising|not making concessions.|adjective|The relationship between Bart and Hilda ultimately failed because they were both so uncompromising, never wanting to change their opinions.
unconscionable|unreasonable; unscrupulous; excessive.|adjective|The lawyer's demands were so unconscionable that rather than pay an exorbitant sum or submit himself to any other inconveniences, the defendant decided to find a new lawyer.
underwrite|to support financially.|verb|The latest symphony broadcast was made possible with underwriting from the Carnegie Endowment.
unnerve|to make nervous or upset.|verb|"At one time unnerved by math problems, she began avidly ""Magoosh-ing"", and soon became adept at even combinations and permutations questions."
unprecedented|having never been done or known before; novel.|adjective|When America first created its national parks, the idea of setting aside the most beautiful land in a country was unprecedented in the history of mankind.
unruly|(of persons) noisy and lacking in restraint or discipline; unwilling to submit to authority.|adjective|Walk in to any preschool and I am sure that you will find an unruly and chaotic scene--unless it's nap time.
unseemly|not in keeping with accepted standards of what is right or proper in polite society He acted in an unseemly manner, insulting the hostess and then speaking ill of her deceased husband.|adjective|unseemly - No example found
urbane|showing a high degree of refinement and the assurance that comes from wide social experience.|adjective|Because of his service as an intelligence officer and his refined tastes, W. Somerset Maugham became the inspiration for the urbane and sophistcate spy James Bond.
vacuous|devoid of intelligence, matter, or significance.|adjective|To the journalist's pointed question, the senator gave a vacuous response, mixing a few of his overall. campaign slogans with platitudes and completely avoiding the controversial subject of the question.
vanquish|come out better in a competition, race, or conflict.|verb|For years, Argentina would dominate in World Cup qualifying matches, only to be vanquished by one of the European countries during the late stages of the tournament.
variance|the quality of varying.|noun|"The cynic quipped, ""There is not much variance in politicians; they all seem to prevaricate""."
veneer|"covering consisting of a thin superficial layer that hides the underlying substance Mark Twain referred to the Victorian Period in America as the ""Gilded Age"", implying the ample moral corruption that lay beneath a mere veneer of respectability."|noun|veneer - No example found
vicarious|felt or undergone as if one were taking part in the experience or feelings of another.|adjective|"The advent of twitter is a celebrity stalker's dream, as he or she can--through hundreds of intimate ""tweets""--vicariously live the life of a famous person."
vie|compete for something.|verb|While the other teams in the division actively vie for the championship, this team seems content simply to go through the motions of playing.
vindictive|to have a very strong desire for revenge.|adjective|Though the other girl had only lightly poked fun of Vanessa's choice in attire, Vanessa was so vindictive that she waited for an entire semester to get the perfect revenge.
virago|an ill-tempered or violent woman.|noun|Poor Billy was the victim of the virago's invective--she railed at him for a good 30-minutes about how he is the scum of the earth for speaking loudly on his cellphone in public.
voracious|very hungry; approaching an activity with gusto.|adjective|Steven was a voracious reader, sometimes finishing two novels in the same day.
wanton|without check or limitation; showing no moral restraints to one's anger, desire, or appetites.|adjective|Due to wanton behavior and crude language, the drunk man was thrown out of the bar and asked to never return.
wax|to gradually increase in size or intensity.|verb|Her enthusiasm for the diva's new album only waxed with each song; by the end of the album, it was her favorite CD yet. This word has other definitions but this is the most important one for the GRE.
whimsical|determined by impulse or whim rather than by necessity or reason.|adjective|Adults look to kids and envy their whimsical nature at times, wishing that they could act without reason and play without limitation.
zenith|the highest point; culmination.|noun|At the zenith of his artistic career, Elvis was outselling any other artist on the charts. Advanced Words.
